tree_id,longitude,latitude
1,-74.99956601789408,5.000123950050727
2,-74.99977922785197,5.000065193624152
3,-74.99987191641767,5.0002163246903795
4,-74.99970903370112,5.000055140047823
5,-74.99960673190708,5.000488185553366
6,-74.99961710008935,5.000348093424011
7,-74.99970447014941,5.000616243832036
8,-74.99985101793212,5.0006982568568805
9,-74.99983467638687,5.0005448491754265
10,-74.99954995957691,5.0002044472764915
11,-74.99986078154873,5.000297203769993
12,-74.99956252969191,5.000388749040593
13,-74.99970755769971,5.000895523920986
14,-74.9999495619775,5.000756530543221
15,-74.9996469983538,5.000105517055599
16,-74.9998582482237,5.00030450259219
17,-74.99986092946905,5.000876632599616
18,-74.99996307730737,5.000169581562609
19,-74.99990369092522,5.000084930271458
20,-74.99994727288984,5.0006104905011854
21,-74.99962084278111,5.00086215911855
22,-74.9996363401055,5.000821671903936
23,-74.99982829669253,5.000586307517759
24,-74.99984143055883,5.000300826677309
25,-74.9996706997798,5.000810597685543
26,-74.99956901688832,5.000608494669118
27,-74.99972369317236,5.000866766492253
28,-74.99980200385771,5.000048049080332
29,-74.99985567525697,5.0003579646297185
30,-74.99989721599061,5.000025830171692
31,-74.9998177744776,5.0000619502847
32,-74.9997155448294,5.000821720778748
33,-74.99961003178662,5.000082816385668
34,-74.99984373471747,5.0007062810954634
35,-74.99960070534861,5.000297141384218
36,-74.9995819969035,5.000822817319216
37,-74.99969811012741,5.0007993958841075
38,-74.9995987853724,5.000736705023998
39,-74.9996987465125,5.000551883997171
40,-74.99974496726706,5.000353714502479
41,-74.99990713365426,5.000266400583175
42,-74.99965014023613,5.000111763622298
43,-74.99966224368004,5.000143749052858
44,-74.99984903742772,5.000183654500218
45,-74.99996035397457,5.000871072576421
46,-74.99986156593577,5.000879419330373
47,-74.9997856563965,5.000089681400403
48,-74.99955861511268,5.000556118480087
49,-74.99967783236393,5.00077673829833
50,-74.99959909609875,5.000488354737811
51,-74.99994941204673,5.000773721895098
52,-74.999668341923,5.000293112032395
53,-74.99976260945081,5.000169921936341
54,-74.99964186285824,5.000862252330221
55,-74.99962002538524,5.000560893202615
56,-74.99978056870815,5.000321416352929
57,-74.99971815491342,5.000550640789783
58,-74.99957735835368,5.000337659871665
59,-74.99970891353159,5.000710614225307
60,-74.99984628358355,5.000416991362472
61,-74.99962348971374,5.000094793860649
62,-74.99982974425755,5.000392421872923
63,-74.99997814903577,5.000115191011442
64,-74.99955082559009,5.000885025283147
65,-74.99979882312836,5.000639300800748
66,-74.99970808499768,5.000053478095229
67,-74.99965403913257,5.000458281686284
68,-74.99965060673608,5.000152378302998
69,-74.99997084769991,5.000399213328143
70,-74.99999384598156,5.000381159053706
71,-74.99974729212825,5.000481898273399
72,-74.99981233791017,5.000206463860904
73,-74.99967187246924,5.000194514602346
74,-74.9996179389655,5.000380912129918
75,-74.99997405883394,5.00073082938336
76,-74.99976502457251,5.000651654624609
77,-74.99969255926351,5.000593300251574
78,-74.99987113677382,5.000271719546577
79,-74.99981728974159,5.000579896037597
80,-74.99980263756046,5.00087137513049
81,-74.99989043956364,5.00063344358359
82,-74.99972487469168,5.00041290873092
83,-74.99970709610128,5.000849400869165
84,-74.99997060981039,5.00008569248669
85,-74.99981088660375,5.000718027725016
86,-74.99975462782713,5.000747191798662
87,-74.9999452761841,5.000558970976729
88,-74.99956893438312,5.000607147154765
89,-74.99967644331026,5.0007712921480385
90,-74.99984945716577,5.00059040991022
91,-74.99962877546288,5.000803139042086
92,-74.9997334783216,5.000259023613565
93,-74.9997081080856,5.00064719419047
94,-74.99963491464658,5.000793501334225
95,-74.9997361386932,5.000201620907385
96,-74.99985640848816,5.0002963347247995
97,-74.99965955569171,5.0008246020710425
98,-74.99989665846425,5.000282663431801
99,-74.99977237093096,5.00084092290059
100,-74.9996396533537,5.000283936458724
101,-74.99959511373467,5.000639191274101
102,-74.99977944440505,5.000610247947847
103,-74.99955868446884,5.000743079328537
104,-74.99973173178881,5.000338869515064
105,-74.99985600093089,5.000520378698207
106,-74.99996165532242,5.000431634891632
107,-74.99999055777033,5.00048766821177
108,-74.99954791619797,5.000153930606614
109,-74.99959901755143,5.000275042523265
110,-74.99989444967487,5.000827576304864
111,-74.99988903694634,5.00037178900221
112,-74.99974971201581,5.000571950817287
113,-74.99987042505497,5.000698641759387
114,-74.9999434926399,5.000538665188945
115,-74.99956427469114,5.000811661829737
116,-74.99984001205193,5.000524071895353
117,-74.99971940825208,5.000293101314297
118,-74.99979317871943,5.000033491594022
119,-74.99965941616917,5.0007682477758095
120,-74.99989223342367,5.000726187524811
121,-74.99983827322839,5.000735952922757
122,-74.9999983874893,5.000408823796218
123,-74.99969097217307,5.000512927170085
124,-74.99964394076322,5.00007017781348
125,-74.99962121364153,5.0007275544245156
126,-74.99990344854527,5.000622319436393
127,-74.99963871716437,5.000387203277549
128,-74.9996319243479,5.000263743262989
129,-74.99999876408702,5.0006023368552475
130,-74.99986649033265,5.000140847684421
131,-74.99990452233693,5.000828175355711
132,-74.99983546371689,5.000348814667624
133,-74.99960731204021,5.000782067660023
134,-74.99977985250699,5.0007614530353655
135,-74.99955034974326,5.000503733669689
136,-74.99958470891191,5.000116830953382
137,-74.99967653358338,5.000048177368591
138,-74.99974397642399,5.00057902829635
139,-74.99954937882063,5.0007437102062005
140,-74.99986335025474,5.000635117846264
141,-74.99961103043141,5.000499021302288
142,-74.99987516313541,5.0003191744901985
143,-74.99961633059661,5.0003785916005485
144,-74.99998610758199,5.000834752373713
145,-74.99984587914813,5.000112871328691
146,-74.9996552644572,5.000189764925327
147,-74.99968887683254,5.000567697253644
148,-74.99973926386897,5.000071483359825
149,-74.99968106205134,5.000112278092015
150,-74.99993501695268,5.000431494724315
151,-74.99991916182084,5.00057406709469
152,-74.99995904956235,5.000303232510542
153,-74.99982500546939,5.000080346319991
154,-74.99997886081368,5.000352656824942
155,-74.99978186069075,5.000814922915338
156,-74.99988530415128,5.000522645555682
157,-74.99997274748732,5.00042202965873
158,-74.99964948116505,5.000446789364448
159,-74.99972741688931,5.000209936466928
160,-74.99955715090897,5.000461739055329
161,-74.99988202132242,5.000869951254737
162,-74.99988359736236,5.000347366927004
163,-74.99973068432004,5.000369345121114
164,-74.99984658500722,5.000194262512723
165,-74.9995667943709,5.000068016517414
166,-74.99981301694869,5.00079103638631
167,-74.9997633106259,5.000776037286298
168,-74.99972517315176,5.0008110519075055
169,-74.99989268970477,5.000027936648238
170,-74.99986033690273,5.000687142893601
171,-74.99990581294742,5.000463346750654
172,-74.99975732646726,5.000233437210238
173,-74.99959748967225,5.000593179208708
174,-74.99964074594446,5.000882906542445
175,-74.99989182896593,5.0001625441173445
176,-74.99958367394898,5.000795553407896
177,-74.99988007806164,5.000227267282595
178,-74.99968041252338,5.000013941949418
179,-74.99967788783856,5.000112928134429
180,-74.99989356741887,5.0004760844462375
181,-74.99965390026208,5.000827232030274
182,-74.99970977396794,5.000538207124498
183,-74.99955284658463,5.0002484176987885
184,-74.99973467830259,5.000510260206006
185,-74.99971579608868,5.000345498849292
186,-74.99957990214733,5.000033225850576
187,-74.99999444017732,5.000874945343201
188,-74.9996655675481,5.000079820193348
189,-74.99989216636338,5.00026117876672
190,-74.99972128806826,5.000242650055656
191,-74.99968684582063,5.000053970090212
192,-74.99968005487739,5.000624452489042
193,-74.99972471514158,5.000500413523305
194,-74.99963141783695,5.000222761948751
195,-74.99970917219156,5.000548014844451
196,-74.9998084186658,5.000026749866418
197,-74.99982527236962,5.000177831085636
198,-74.99980379082024,5.000499770587996
199,-74.99985335720214,5.000186341265218
200,-74.99956354127762,5.000089190649272
201,-74.99960820483537,5.00005356850291
202,-74.99985830137305,5.000433844724613
203,-74.99967796824706,5.000699534292047
204,-74.99961859993002,5.00022139276938
205,-74.99962667545002,5.0008388848777185
206,-74.99973366776811,5.000428833956139
207,-74.99965367556901,5.000663908049852
208,-74.9998513914238,5.000811694264753
209,-74.99994959900302,5.0007935861952335
210,-74.99964530422262,5.000387723274148
211,-74.999712595151,5.000620750930768
212,-74.99958873009464,5.000124314363322
213,-74.99959423216961,5.000573160006722
214,-74.99972339692039,5.00074119484508
215,-74.99964495433345,5.000735273932379
216,-74.99958644338992,5.00084583559573
217,-74.99989346770225,5.00009717704135
218,-74.99967001771059,5.000802943985479
219,-74.99985754065719,5.000230714966821
220,-74.99975692793078,5.000304340519337
221,-74.99956687297286,5.000834694122731
222,-74.99963775002813,5.000528505468484
223,-74.99976662009115,5.000887126061164
224,-74.99991338999457,5.000840096603448
225,-74.99983711472535,5.000806776757968
226,-74.99964098627626,5.000497374055548
227,-74.99988107571642,5.0005183803402895
228,-74.99997782454635,5.000879242272719
229,-74.999719286954,5.000306400881689
230,-74.9996489488578,5.000500583876727
231,-74.99997774199119,5.0008979049976885
232,-74.99982692447246,5.000167601336562
233,-74.99983823863111,5.00026074332321
234,-74.99962710194512,5.000520083074825
235,-74.99969927089903,5.000847560326673
236,-74.99995141268994,5.000022983117726
237,-74.99991050149542,5.000471396493293
238,-74.99985683761795,5.000537029312322
239,-74.99982746682721,5.000683827243519
240,-74.99972224151257,5.000081200986146
241,-74.99998720966349,5.0004874075807635
242,-74.99955355225023,5.000032030479828
243,-74.99965607915358,5.000478602428633
244,-74.99979944422572,5.00026925020712
245,-74.99998977341646,5.000452070863075
246,-74.99997450814058,5.000814719155413
247,-74.99960116421336,5.000472886250242
248,-74.9997388984332,5.000877210568442
249,-74.99972848906401,5.000670475483956
250,-74.99969233254086,5.000102211578694
251,-74.999678116533,5.000188883588126
252,-74.999650974458,5.00002928789524
253,-74.99974327737426,5.000106237977363
254,-74.9997757530249,5.000444229586855
255,-74.9998071868587,5.000554440899002
256,-74.99969281328946,5.000430020107456
257,-74.99991655279014,5.0000944734343316
258,-74.99983666935316,5.000416532529063
259,-74.99969763355001,5.0004804408714385
260,-74.99966308817773,5.00031579617475
261,-74.99956999610882,5.000585138621238
262,-74.99993938669553,5.0003658182447746
263,-74.99983571574754,5.000423709100725
264,-74.99964706804715,5.000823558837212
265,-74.99977206157588,5.0008754656579795
266,-74.99988627743973,5.000179395332231
267,-74.99996701316923,5.000813188080116
268,-74.99988901519139,5.0007337325575385
269,-74.99987470895759,5.000504022432691
270,-74.99988914817713,5.0003901007445135
271,-74.99957394594912,5.000761939255467
272,-74.99965368921828,5.000692227239906
273,-74.99990745601202,5.000166145208381
274,-74.99968227327692,5.000554461417555
275,-74.99969396832499,5.0002902236113425
276,-74.99993296329257,5.0006102371985675
277,-74.99977079671629,5.0004844051299555
278,-74.99972463408893,5.000090123769429
279,-74.99975218142023,5.000556715949973
280,-74.99975276265809,5.000209185591985
281,-74.99962827492818,5.00049219329694
282,-74.99987703305894,5.000419529869098
283,-74.99978374078034,5.000719107243108
284,-74.99995985069378,5.0001092307645125
285,-74.99980483551087,5.000073646802002
286,-74.99962063154133,5.000802864413976
287,-74.99955437873342,5.000097613452203
288,-74.99979760557521,5.000445149753683
289,-74.99975115780192,5.000746786367417
290,-74.9999178502421,5.000035115223274
291,-74.99983431506845,5.000881374236316
292,-74.99994169110963,5.000671120716983
293,-74.999928586893,5.0007122696784
294,-74.99994295144946,5.000681931217747
295,-74.99974601605484,5.000619237975506
296,-74.99993507044705,5.000343895843783
297,-74.999962369449,5.000827533642469
298,-74.99958861736634,5.00018309839318
299,-74.99961874050729,5.000207088534256
300,-74.99991458733824,5.000371578012796
301,-74.99970414752713,5.000201951961445
302,-74.99962038611449,5.000323096307333
303,-74.99991793298021,5.0006085788752745
304,-74.9998659289364,5.000688045561964
305,-74.99968448710614,5.000759228449871
306,-74.99964358118505,5.000645801318827
307,-74.999885010309,5.000641432241436
308,-74.99980376563403,5.0001790362452265
309,-74.99967741329678,5.000655424179054
310,-74.99980691230023,5.000719374743723
311,-74.99961425447631,5.000085161701797
312,-74.99968498287723,5.000077374447595
313,-74.99991228669789,5.00075349897356
314,-74.99972641309854,5.000706934159203
315,-74.9996582400352,5.000426780158398
316,-74.99998257251367,5.000749394469418
317,-74.99955608062538,5.000101334860619
318,-74.99982095634383,5.000054622440035
319,-74.99981547659009,5.000882889500547
320,-74.99992129350387,5.000013513737026
321,-74.99988366659773,5.000701176401068
322,-74.99982750043598,5.000686611925048
323,-74.99973007529356,5.0000094877482715
324,-74.99981457175761,5.00058191712442
325,-74.99958913707933,5.000233592781921
326,-74.99955721124054,5.000392663418151
327,-74.99975182026164,5.0001411629882355
328,-74.99981266461931,5.000312128266406
329,-74.99980795968996,5.000220500200255
330,-74.99964734786515,5.000102991677159
331,-74.99986729032425,5.000219075490385
332,-74.99976890024034,5.000113700310625
333,-74.99955027284328,5.0007588218713135
334,-74.99990366335402,5.000880977946334
335,-74.99980842275546,5.000581976526511
336,-74.99984238205435,5.000810277487777
337,-74.99977030687911,5.000078812332675
338,-74.99977612470245,5.000420940984881
339,-74.99974143858,5.000230826878472
340,-74.99996746713593,5.000374031368036
341,-74.99966411960331,5.000331243399991
342,-74.9997270162174,5.0008669787325335
343,-74.99973691974557,5.000186577941332
344,-74.99982679147003,5.000256801045007
345,-74.99980734585587,5.000537587035385
346,-74.99954793725809,5.000620997759659
347,-74.99959679245671,5.000338622148255
348,-74.99964363107419,5.000162125028942
349,-74.99991885630348,5.000547297324006
350,-74.99990894918018,5.000794024521665
351,-74.99974942846357,5.000471370326458
352,-74.99984118885783,5.000110910539419
353,-74.99982219779083,5.000014969888882
354,-74.99962206811091,5.000684511519334
355,-74.99993999376646,5.000614646334945
356,-74.99999293394433,5.0007026910831325
357,-74.99967264582946,5.000883008153278
358,-74.99959903660955,5.000820449154482
359,-74.99999483329626,5.000900539780312
360,-74.99955605904458,5.000358847322825
361,-74.99991363517275,5.000399555319371
362,-74.99967323140169,5.000477251740716
363,-74.9998039069437,5.0000717418380045
364,-74.9997286922577,5.0005783785184335
365,-74.99988815331115,5.000115733887126
366,-74.99974764014691,5.000265424717659
367,-74.99979607748385,5.000515089326233
368,-74.99977151231121,5.0002306523787405
369,-74.99980486471614,5.000369376022863
370,-74.9999303001393,5.000079759227963
371,-74.99955010290081,5.000638937868323
372,-74.99978983178804,5.000004286075787
373,-74.99957799265887,5.000472694207743
374,-74.99988228484882,5.000889684706781
375,-74.99975567433765,5.000105761460152
376,-74.99998689024353,5.000842707325934
377,-74.99987519452,5.000858734849413
378,-74.99992487360264,5.00080713835314
379,-74.99961034374692,5.000287846743323
380,-74.99963522035975,5.000552535045799
381,-74.9996209393916,5.000631762010619
382,-74.99974764428624,5.000301607223732
383,-74.99994634143589,5.0003870030696245
384,-74.99976793122534,5.000297598958105
385,-74.99975926637079,5.000287341284862
386,-74.99969523719662,5.000423797714122
387,-74.99961982636428,5.000294295116977
388,-74.99958123793094,5.0007146267036475
389,-74.99995798193768,5.000143448589649
390,-74.9999568893727,5.0000621604561895
391,-74.99955100466148,5.000297904988849
392,-74.99957890127604,5.000047864476783
393,-74.9999177136103,5.000676243264413
394,-74.99974963144733,5.000880138158652
395,-74.99994447520398,5.000169472167079
396,-74.99977513859695,5.000601088102011
397,-74.999787106784,5.000083116617568
398,-74.99999801741097,5.00030161233579
399,-74.99970260970609,5.000518322622934
400,-74.99984213319233,5.000720881822443
401,-74.9999977603023,5.0001089024108465
402,-74.99995747128673,5.000888619753566
403,-74.99955374055652,5.000382984410107
404,-74.99998415349157,5.000201855176605
405,-74.99958762809293,5.0005680135088015
406,-74.99992790984987,5.0001909397686966
407,-74.99997284608494,5.000264844693824
408,-74.99977979978357,5.0007307418984785
409,-74.99962150389251,5.000499180389452
410,-74.9995948589632,5.000648157295446
411,-74.99995494529604,5.00070225166197
412,-74.99998382245616,5.000482582442967
413,-74.99991637840242,5.0000608434018465
414,-74.9995620321432,5.000830980410609
415,-74.99986035469365,5.000590127800987
416,-74.99982875758427,5.000357873040306
417,-74.99992730609893,5.000373214703538
418,-74.99999375056163,5.000827446844415
419,-74.9995833282462,5.00088727660935
420,-74.99991504437749,5.000436954753104
421,-74.99977884547697,5.000360135836415
422,-74.99959315048439,5.000671958903279
423,-74.99978568522818,5.000414623831791
424,-74.99984656838392,5.00059477927616
425,-74.9997596981533,5.000818082982127
426,-74.9999912890713,5.000681984783037
427,-74.99987389772062,5.00000838276479
428,-74.99982620252155,5.000878459331078
429,-74.99975392787078,5.000205803978262
430,-74.99964442377788,5.000186381406042
431,-74.99975494989471,5.000550378878589
432,-74.99983635759486,5.000633757192561
433,-74.99978883000259,5.000363452856125
434,-74.99986899197023,5.000054914143804
435,-74.99997950922342,5.000828748808162
436,-74.99982061665328,5.00023398810545
437,-74.99993716033342,5.000303094667275
438,-74.99959538517258,5.000633303057899
439,-74.99972286447175,5.000352032507302
440,-74.99964765911707,5.000668047105014
441,-74.99958368256249,5.000708733501448
442,-74.99995043529448,5.000542986632151
443,-74.99967963893015,5.000723654377456
444,-74.99973505195713,5.000287286196721
445,-74.99980027466248,5.000202793294849
446,-74.99979251041879,5.000431121054475
447,-74.99970151145521,5.000226882830582
448,-74.99977399720164,5.000125148774204
449,-74.9996424585123,5.000117775812923
450,-74.99956565747043,5.000143861845439
451,-74.99992480904865,5.000143949454267
452,-74.99970289575036,5.0002246032544955
453,-74.99985644223729,5.000025773764867
454,-74.99967180192408,5.000086524416916
455,-74.99982508994457,5.000339748188494
456,-74.99985862103199,5.000156641889509
457,-74.99994440994266,5.000800305441739
458,-74.99998957181253,5.000380852984688
459,-74.99988336500064,5.000381280836173
460,-74.9996607021683,5.000814560373018
461,-74.99983128289828,5.000107706028569
462,-74.99979731974071,5.000243391528646
463,-74.99954930128594,5.000518170337618
464,-74.99972701994146,5.0005034524006575
465,-74.9997870097534,5.000498439873501
466,-74.99999261749986,5.000853496226758
467,-74.99990213632661,5.000490432596966
468,-74.99972696481474,5.000249389386105
469,-74.99984665009623,5.0005030261015575
470,-74.99995422229306,5.000676340682492
471,-74.99999271710809,5.000577705031169
472,-74.99995117421867,5.000001025075905
473,-74.99968336141342,5.000257369579904
474,-74.99999650531367,5.000053370265323
475,-74.99956777410915,5.000664319146096
476,-74.99958432270809,5.000431345747176
477,-74.99993392582242,5.0000248955464475
478,-74.999754982769,5.000259836374963
479,-74.99959556911634,5.000678622484381
480,-74.9998739576939,5.0007650581386525
481,-74.99979283610716,5.000672663446271
482,-74.99968297608905,5.000537956887249
483,-74.99955195367765,5.00084478988882
484,-74.99984370311267,5.000229510624875
485,-74.99968644981873,5.0007201482198225
486,-74.99960936899352,5.000536806579024
487,-74.99982742790496,5.000383708887291
488,-74.99972503046267,5.000574530388823
489,-74.99964510174375,5.000234122515181
490,-74.99978332777216,5.000059008177038
491,-74.99967565216319,5.000830840415149
492,-74.99981890419954,5.000238641578564
493,-74.99985346758375,5.000604979161888
494,-74.99996868440279,5.000257766506712
495,-74.99969165397142,5.000019413931848
496,-74.99988975278806,5.000349792784351
497,-74.99987095479088,5.000671945479579
498,-74.99973153156844,5.000858290486301
499,-74.99973888842575,5.000358972600898
500,-74.99985511407523,5.000847548983439
501,-74.9999810118754,5.000642161297254
502,-74.9995936669997,5.000550638904942
503,-74.99956327199264,5.0004027541735585
504,-74.99958002852456,5.000487064474004
505,-74.99997151860454,5.000270668659098
506,-74.99989738613111,5.000486409186845
507,-74.99969172094264,5.000399003753658
508,-74.99970030199121,5.000388577202821
509,-74.99955958174493,5.0004748463323025
510,-74.99990797470825,5.000712719266382
511,-74.9998976694077,5.000346902783158
512,-74.99978182170422,5.000456674504995
513,-74.9997685553625,5.000788922733442
514,-74.99999347629499,5.00089717835545
515,-74.99977511358836,5.0003701283648265
516,-74.9998859164588,5.000351852181648
517,-74.99967448800665,5.000548651280231
518,-74.99978579531127,5.0005370326855205
519,-74.99980820012075,5.00042348179596
520,-74.99960093361126,5.000768989553015
521,-74.99982567647551,5.000517241445861
522,-74.9999360830546,5.000592206916696
523,-74.99998906641767,5.000115336248891
524,-74.9995791199695,5.000649134886388
525,-74.99992210572097,5.000682109612942
526,-74.99998835330884,5.000578684852466
527,-74.9997000254334,5.000119942153263
528,-74.99984487736846,5.000625830229461
529,-74.99976125264195,5.000249739287814
530,-74.99962160060413,5.000853820930984
531,-74.99998789705444,5.000850296196454
532,-74.99964706295273,5.000141948142283
533,-74.9999747308158,5.000172666436413
534,-74.99969635980311,5.000162717245034
535,-74.99954808153262,5.000477402071785
536,-74.99982794961065,5.000885429278806
537,-74.99975552196153,5.000578742595676
538,-74.9999437750819,5.000518957038565
539,-74.99968772649585,5.000371850137631
540,-74.99964647355617,5.000643994788579
541,-74.99969078801506,5.000199326783033
542,-74.99959104902457,5.000129606627104
543,-74.99989075692069,5.0004301562968845
544,-74.99960861248178,5.0004213566321045
545,-74.99970139656082,5.000113774518001
546,-74.99980600531111,5.000793267655941
547,-74.99999776409506,5.000261673033455
548,-74.99957831428533,5.000747734477114
549,-74.99965164191617,5.0000839093275005
550,-74.99971410528221,5.000260518567405
551,-74.99965347545832,5.000068246353906
552,-74.99976886325985,5.000356330025209
553,-74.99981214018815,5.000605933027673
554,-74.99976182407444,5.0003595061586195
555,-74.99977640562037,5.000739689322836
556,-74.99958559312327,5.000578741079903
557,-74.9995710272757,5.000738532577238
558,-74.99984954773868,5.00030755337384
559,-74.99969222842405,5.000799222815018
560,-74.99955913726994,5.000126816658662
561,-74.99958396831397,5.000535942039795
562,-74.99994796839346,5.000044618959697
563,-74.99983285464005,5.000719371607427
564,-74.99979452759816,5.000632384812744
565,-74.9997769353106,5.000208731406571
566,-74.9999482497516,5.000523813226808
567,-74.99988515069131,5.000229950731984
568,-74.99999089490268,5.000221926697805
569,-74.99975365276907,5.000294032095224
570,-74.99956240839157,5.000595528147263
571,-74.9999760947817,5.000486738888327
572,-74.99992997056899,5.000033955521823
573,-74.9999826356134,5.000508350947906
574,-74.99966151197985,5.000679887749384
575,-74.99954832594048,5.000608970793055
576,-74.99995420666681,5.000772761381684
577,-74.99998579635768,5.000257270058482
578,-74.99981393717945,5.0003512299197
579,-74.99997655341807,5.000496090016352
580,-74.99996089455843,5.000573929220163
581,-74.99980796483996,5.000429029906222
582,-74.99992745494183,5.0007970976052025
583,-74.9997643420607,5.000828157050354
584,-74.99989212096686,5.000438687453654
585,-74.99984569744461,5.000278010068234
586,-74.99967726819982,5.000253696576571
587,-74.9997524799967,5.000032120475918
588,-74.99969044374446,5.000318594959988
589,-74.99988431851875,5.000701516303502
590,-74.99955248055213,5.000768605364114
591,-74.99995714716574,5.000371531341719
592,-74.99972090612263,5.000817216404919
593,-74.99994892650334,5.00026592015405
594,-74.9998506873788,5.000728820698519
595,-74.9998926882648,5.000671121141281
596,-74.99975629725968,5.000669379102417
597,-74.99986152582731,5.000723704441189
598,-74.9996180963284,5.00013907219072
599,-74.99972359592186,5.000556892589891
600,-74.99968067413029,5.000698852782775
601,-74.99982337830468,5.000349089731834
602,-74.99969035641378,5.000225545972045
603,-74.99996677524736,5.000110621975458
604,-74.99961834714088,5.000086647924268
605,-74.99982863042973,5.000527856654392
606,-74.99967944499622,5.000506265841424
607,-74.99978942738099,5.000354959342236
608,-74.99968975331355,5.000203709196202
609,-74.99999018313954,5.000554246445185
610,-74.9995871029669,5.000672025021369
611,-74.99959318456813,5.000650258360753
612,-74.99955654768702,5.000353077430642
613,-74.99970242874004,5.00072681326589
614,-74.9999230839512,5.000203338788343
615,-74.99962754394879,5.000541641510307
616,-74.99998075359126,5.000027886455603
617,-74.99959592908247,5.000598400362011
618,-74.99987605154216,5.000823956377828
619,-74.99973892026497,5.000754947889665
620,-74.99976569972404,5.000803132783673
621,-74.99989042070774,5.000343589412869
622,-74.99963941925505,5.000107959860849
623,-74.99983346722425,5.000038466179666
624,-74.99966640396364,5.000573394102253
625,-74.99975316880816,5.000655630674486
626,-74.99969201282282,5.000734067843504
627,-74.99957230071544,5.000833443532572
628,-74.99983797405902,5.000222441566583
629,-74.99977796850428,5.000437153957151
630,-74.9998502169717,5.000856694996244
631,-74.99956304324823,5.000674173570728
632,-74.99972918170353,5.00061318690096
633,-74.99986971738907,5.000121294970632
634,-74.99986763191392,5.000102241402822
635,-74.99979016430852,5.000208297158579
636,-74.99990825224354,5.000737219019324
637,-74.99986675692946,5.00008046927063
638,-74.99975314448211,5.000590462423126
639,-74.9997609313194,5.000803515705162
640,-74.99962553944462,5.000135026511418
641,-74.99954797950981,5.000535270635203
642,-74.99960270207731,5.000090720374588
643,-74.99964597846372,5.000693777594843
644,-74.99983498955223,5.000590929433573
645,-74.99962262536367,5.000184001045164
646,-74.99957600324392,5.000233710060392
647,-74.99992508345724,5.000680920124678
648,-74.999621591875,5.000421592249045
649,-74.9997339410784,5.000824912186608
650,-74.9997074460821,5.0003214720743285
651,-74.99964587472218,5.000634277141746
652,-74.99971652677277,5.000648917163296
653,-74.99984118128886,5.000863234560279
654,-74.99968278671244,5.000114062510146
655,-74.9996690403511,5.000491847535128
656,-74.99974817455171,5.000862844337372
657,-74.99973311194904,5.00038596224
658,-74.99980095034424,5.000350898796683
659,-74.99956094229371,5.000893245513088
660,-74.99965604235484,5.0002836047057055
661,-74.99987564194072,5.0003112877244655
662,-74.99969719907337,5.000397259415991
663,-74.99960968526703,5.000098784678544
664,-74.9999556924544,5.000046059245992
665,-74.99973532333406,5.0004662591939315
666,-74.99963596938557,5.000796613686668
667,-74.99998851977371,5.000301296228525
668,-74.99959591674111,5.000204373504041
669,-74.99998515445677,5.0008507535592965
670,-74.99991942246766,5.000549894840681
671,-74.99993915211567,5.000732632738259
672,-74.99994294893597,5.000786731136741
673,-74.99973363766793,5.000771596571065
674,-74.9997319590133,5.000429817417322
675,-74.99989728159797,5.00015520979549
676,-74.99961286391357,5.000810777916992
677,-74.99994798401099,5.000813402248066
678,-74.99972428882205,5.000823945959414
679,-74.99971212096179,5.000111177347865
680,-74.9998303822857,5.000461726988828
681,-74.99957162695237,5.000712623823787
682,-74.9998690187638,5.000581289523235
683,-74.99970412106207,5.000832652679988
684,-74.99970160573565,5.000493405693681
685,-74.99997252472548,5.000686155799559
686,-74.99987701258947,5.000487113009411
687,-74.99955367163007,5.000177041082973
688,-74.99963337217478,5.000177499569922
689,-74.99993618626918,5.000254204226408
690,-74.99963107369655,5.000232123099193
691,-74.99983724775205,5.000348111403141
692,-74.99991840174093,5.000307576513259
693,-74.99960524255218,5.0003016276284855
694,-74.99966012726541,5.000876525977687
695,-74.99963939217311,5.0002491071342146
696,-74.99992566164165,5.000375391627867
697,-74.99968186861565,5.000145030698809
698,-74.9999260026754,5.000730511031355
699,-74.9995497552761,5.00029365868843
700,-74.99966660913046,5.000580308383893
701,-74.99963700378318,5.000749379824592
702,-74.99969584288213,5.000188828719856
703,-74.99994916622035,5.0007414822517955
704,-74.99990449407814,5.000291346410113
705,-74.99974947029067,5.000118620098778
706,-74.99998455649575,5.000111963890319
707,-74.99971147280331,5.000436069228817
708,-74.9996763583612,5.000185084104931
709,-74.99981403231203,5.000146478701241
710,-74.9997911582073,5.000152426905497
711,-74.99982456536489,5.000522653816319
712,-74.999814473938,5.000548592743053
713,-74.99991895614541,5.000738249595506
714,-74.9999705068978,5.000033372566084
715,-74.99990448841352,5.000162200192218
716,-74.99960402904132,5.00002866454353
717,-74.99995202803098,5.000271184405116
718,-74.99975937843779,5.00042456859685
719,-74.99988297333128,5.000403018656711
720,-74.99961599079475,5.000366244868211
721,-74.99984630693014,5.000328018358407
722,-74.99994658163708,5.000663982231002
723,-74.99955900456284,5.000068806195698
724,-74.99970021758111,5.000557373329559
725,-74.99987006149138,5.0003565435737745
726,-74.9998174089404,5.000822546444861
727,-74.99967199082148,5.000033683286276
728,-74.99997634524208,5.000456574735456
729,-74.99977277243147,5.000062806261178
730,-74.99960361199449,5.0004191564614
731,-74.99999613845915,5.000564507514744
732,-74.99980009636725,5.000250195841843
733,-74.9997143996458,5.000832415393147
734,-74.99982044493183,5.000134468292616
735,-74.99999125096083,5.000263886838348
736,-74.99979576210204,5.000022200013315
737,-74.99999432895603,5.00009786978727
738,-74.999779706763,5.000225139285601
739,-74.9998810012702,5.0000496773766345
740,-74.99965555316444,5.0000338538962845
741,-74.99980511999414,5.000646854451093
742,-74.9998549267794,5.000275083405777
743,-74.99989207773702,5.000682519188453
744,-74.99956205490565,5.000874094147102
745,-74.99964293085594,5.000371908848573
746,-74.9997909178575,5.000868850351325
747,-74.99987655980222,5.0004626657012174
748,-74.99965183619668,5.000147106020888
749,-74.9997737859128,5.0007511167488605
750,-74.99988477828944,5.000463964045839
751,-74.9997430859173,5.00051919001446
752,-74.9998462522202,5.000705858650342
753,-74.99983153051849,5.000584381480307
754,-74.99994091189104,5.00045225431154
755,-74.99960713236324,5.000632133156409
756,-74.99981286644828,5.000331277705427
757,-74.99970160616813,5.000042820596762
758,-74.99990941481857,5.000371804444942
759,-74.9997761969593,5.000678988660095
760,-74.99985024364695,5.000298139971882
761,-74.99989502550689,5.000335845590097
762,-74.99970862108066,5.000358127885046
763,-74.99977317023657,5.000403327290998
764,-74.99987734338747,5.00010344200735
765,-74.99976984272338,5.000798647091441
766,-74.99998037560866,5.000269137026549
767,-74.99961773384906,5.000487693362151
768,-74.99959631637924,5.000680244482684
769,-74.99961086227499,5.000286815459864
770,-74.99982713721683,5.0002924701856095
771,-74.99967304714093,5.00037309949811
772,-74.99994010178048,5.000519878068355
773,-74.99994136527579,5.000732283869049
774,-74.9999059963954,5.00088770803823
775,-74.99978847264988,5.000471903702697
776,-74.99995328586655,5.000316854423692
777,-74.9997873339962,5.000460599948584
778,-74.99975023219132,5.000648554574688
779,-74.99981075473963,5.0001830989961755
780,-74.99994339847571,5.000810797176248
781,-74.99975881902036,5.000478491027407
782,-74.99969828105041,5.000268719376422
783,-74.99974531402484,5.000490081415996
784,-74.99970074299493,5.000014080860242
785,-74.99993067069262,5.000678735629837
786,-74.99966754543475,5.000445888817205
787,-74.99962415136696,5.000324708509933
788,-74.9998229085135,5.000367895480102
789,-74.99984408578057,5.000381792423174
790,-74.99981860778058,5.000693070069468
791,-74.9998464263294,5.000143403154514
792,-74.99994508328069,5.000361325875834
793,-74.99992529711555,5.000294625086362
794,-74.99972237669444,5.000814144339602
795,-74.99959548776035,5.000668165743747
796,-74.999760551773,5.000329180534945
797,-74.9997066190167,5.0002502651411715
798,-74.99983935628948,5.000878831412786
799,-74.9996589424599,5.00030019107775
800,-74.99979708378817,5.0000547424027495
801,-74.9999644469893,5.000432920590727
802,-74.99956468550418,5.00037608252015
803,-74.9998105951034,5.000118498811801
804,-74.99966320724799,5.000834526637846
805,-74.99990163571533,5.000438996818322
806,-74.99993749200426,5.000218429977464
807,-74.99977527784353,5.000187706250217
808,-74.99989644879628,5.00020666423955
809,-74.99998750160262,5.000338764063023
810,-74.99983979881512,5.000438220428931
811,-74.99973574281968,5.00078749490295
812,-74.99997011204592,5.000740380473963
813,-74.99973660791085,5.000579076732117
814,-74.99965526948371,5.000479564223227
815,-74.99972959784243,5.000462980056166
816,-74.99961752533716,5.00071853624195
817,-74.99990303073405,5.00013345110953
818,-74.99981374681306,5.000672087315948
819,-74.99971897415854,5.000681084728379
820,-74.99962083983358,5.000858624882338
821,-74.99995067149463,5.0004069501501345
822,-74.99976821650559,5.000068524267291
823,-74.99984545922962,5.000735135591597
824,-74.99975866610478,5.0002911064974525
825,-74.9995895737836,5.000135797883197
826,-74.99983482521638,5.000097621234379
827,-74.99991051625453,5.0003161308366675
828,-74.99973557679002,5.0000158586703005
829,-74.99985589090218,5.000715102775084
830,-74.99988766063848,5.000832186706618
831,-74.99970224041901,5.0005075049889065
832,-74.99977507129785,5.000274015989504
833,-74.99987752402959,5.000764144120241
834,-74.99977214181084,5.000414845978462
835,-74.99998441158083,5.000160496341281
836,-74.99995581828814,5.000709637655235
837,-74.99957871180784,5.000175549474776
838,-74.99969742391376,5.000897413148707
839,-74.99979599844757,5.000320617239346
840,-74.9997498190171,5.000149198528708
841,-74.99956386329637,5.000247787998114
842,-74.99963804907615,5.000245320045746
843,-74.99998611509263,5.000379847984063
844,-74.99995764800886,5.000278391122492
845,-74.99965621258983,5.000525224174886
846,-74.99960547748121,5.000567895293852
847,-74.99968058589155,5.000490328548724
848,-74.99972927232838,5.000454666208391
849,-74.99964810981274,5.000733706771172
850,-74.99963067378911,5.000632115943064
851,-74.99973811299593,5.000577405609765
852,-74.99999795936832,5.000541152279464
853,-74.99964483339896,5.000211625519047
854,-74.99993064066285,5.000075065826691
855,-74.99977039473924,5.000531826728689
856,-74.99967521876772,5.000208458468661
857,-74.9998624988897,5.000235313336473
858,-74.99960955770982,5.00073308321276
859,-74.99955225551713,5.000265181264103
860,-74.99971791089226,5.000589358028706
861,-74.99962819157103,5.000540376415604
862,-74.99963090699538,5.000442008874405
863,-74.99993468654213,5.0000196873851595
864,-74.99996470379247,5.000859098589804
865,-74.9996253005446,5.000312253225485
866,-74.99972993767041,5.0000821827292885
867,-74.99998619300196,5.000768269085443
868,-74.99992438870343,5.000140472010202
869,-74.99976152734745,5.000100251385293
870,-74.9999272176564,5.00020750174814
871,-74.99960694155467,5.000892121249556
872,-74.99983798865375,5.000439148861431
873,-74.99999475153909,5.000537945297477
874,-74.9999109641661,5.000756741302681
875,-74.99975464667303,5.0003811997410095
876,-74.99997246429176,5.000775224192887
877,-74.99975046266273,5.000832364953497
878,-74.9998210274523,5.000786729167036
879,-74.99974985464274,5.000112677505864
880,-74.99970070973278,5.0007260461791585
881,-74.99958270062339,5.000808931601017
882,-74.99988580305116,5.000431234714575
883,-74.99972193424148,5.000190942226898
884,-74.99960731640537,5.00006921725551
885,-74.99991657823551,5.000618341702277
886,-74.99957099534132,5.0003304359566805
887,-74.99984405604344,5.0002520820026835
888,-74.99999925613193,5.0004262959040515
889,-74.9998599344959,5.000561485321745
890,-74.99987765293604,5.000437289516906
891,-74.99961803147384,5.000079751930665
892,-74.99978044008174,5.000643403158062
893,-74.99964990337217,5.000423427563487
894,-74.99972096549571,5.000074689866731
895,-74.99992344172105,5.000895035256056
896,-74.99982513344045,5.000472707021262
897,-74.99964382644025,5.000128815906303
898,-74.99958477007644,5.000702509559305
899,-74.99968455978895,5.000661822538535
900,-74.99963422801225,5.000067241334714
901,-74.99971694127558,5.00036582700376
902,-74.99956538112438,5.000611267184476
903,-74.99972285975593,5.000312945057622
904,-74.99991945230907,5.000153350371843
905,-74.99965111726542,5.000508655193183
906,-74.99977637048534,5.000813807454889
907,-74.99960682260826,5.000577481605863
908,-74.99958313340184,5.000709066557289
909,-74.99963272626779,5.0000153868920725
910,-74.99960291230695,5.000259476439359
911,-74.99981497728498,5.000273811558446
912,-74.99971077939847,5.000370152508402
913,-74.99996006436506,5.000317347817296
914,-74.99978949450839,5.000181121990353
915,-74.99969635657469,5.000766632572078
916,-74.99965233804386,5.000826472544502
917,-74.99975720710229,5.000316490626433
918,-74.99986725094926,5.000787999208228
919,-74.99967492556897,5.00019218176241
920,-74.99990029684834,5.000674774380866
921,-74.99992776597499,5.000220447927722
922,-74.99988043165258,5.000383224415748
923,-74.99966849758934,5.000079349266902
924,-74.99982181110379,5.000143431910155
925,-74.99958379137301,5.000520905913565
926,-74.99974185184558,5.00063321009564
927,-74.99960150240568,5.000839565395977
928,-74.99967308334733,5.0008864672487015
929,-74.99997845026759,5.000271096653577
930,-74.99968371213828,5.00020669552617
931,-74.9995572074115,5.000802246584328
932,-74.99985522692559,5.000508640757713
933,-74.99970298744415,5.000636258100922
934,-74.99966173280743,5.000023579770646
935,-74.9998073199173,5.0003678545241
936,-74.99991526372176,5.000165252968584
937,-74.99989024732827,5.000480257774738
938,-74.99976495212347,5.000518938753772
939,-74.99960718645951,5.000082116113746
940,-74.99959792087878,5.00083578351187
941,-74.99993787489798,5.000527114250165
942,-74.99998372517686,5.000324773226253
943,-74.99965259194654,5.000660815956707
944,-74.99960202771554,5.000375768887257
945,-74.99966945617055,5.00013097892916
946,-74.99968600719068,5.000602627737989
947,-74.99960210255918,5.0007043564400595
948,-74.99968810975862,5.000266397749133
949,-74.99967787276549,5.000206656836169
950,-74.9997037787127,5.000694867231519
951,-74.9996448808533,5.000729789117389
952,-74.99989038290444,5.000721847788848
953,-74.99996456670709,5.00025845030071
954,-74.9997939986361,5.000606626535267
955,-74.99998475109504,5.000537504773745
956,-74.99979145095402,5.0008877610785225
957,-74.99983570111951,5.000629666323179
958,-74.99958370957359,5.0008966357599896
959,-74.99955806094385,5.000263050584672
960,-74.9995902621554,5.000717978865755
961,-74.99959158035497,5.000048353604407
962,-74.9998806484073,5.000172921735837
963,-74.99981915023308,5.000154059389872
964,-74.99962106080439,5.000421411206065
965,-74.99969276088171,5.000469716886049
966,-74.99999588894634,5.000710977534313
967,-74.99980742654108,5.000434906515542
968,-74.99990487332201,5.000416302455935
969,-74.99969479920671,5.000310411779835
970,-74.99961880509161,5.000472456841294
971,-74.99997256942503,5.000420629930589
972,-74.99980572448254,5.000551816309864
973,-74.99989292214504,5.000556126430334
974,-74.99959750084228,5.000712724759764
975,-74.99988758367832,5.000616755005384
976,-74.99963234470262,5.000116687888601
977,-74.99991390824017,5.000623124781338
978,-74.99968889979871,5.000148008485018
979,-74.99985110771952,5.000750116229602
980,-74.99980975738026,5.000792939127777
981,-74.99971943889761,5.000502568247974
982,-74.99995716700406,5.000414300737108
983,-74.99988608272983,5.000151244592142
984,-74.99972730252495,5.00008472456184
985,-74.99984072392375,5.000108842658827
986,-74.9995679226484,5.000326978955438
987,-74.999991295066,5.000401830733863
988,-74.99988628870841,5.000026895571991
989,-74.99982077244503,5.000197421758339
990,-74.99961858939258,5.000116369360017
991,-74.99962358763878,5.000515389283569
992,-74.99978091687099,5.0008109099275915
993,-74.99975150672363,5.000028892622239
994,-74.99991123778156,5.000870467072792
995,-74.99965979772844,5.0005332794417585
996,-74.999676335712,5.000258480489237
997,-74.99967812478613,5.000232822628554
998,-74.9996350689702,5.000290198684242
999,-74.99992560353883,5.000868922402095
1000,-74.99992399481475,5.000829923984102
1001,-74.99993549938932,5.000486467929391
1002,-74.99985692412329,5.000509307199326
1003,-74.99979330769537,5.0000379964896915
1004,-74.99976296749934,5.000288475071334
1005,-74.99998721895778,5.000044967715587
1006,-74.99957872241046,5.000723804414823
1007,-74.99982682144068,5.000725649734798
1008,-74.99966065483557,5.000362366626639
1009,-74.99955835695218,5.000023178985559
1010,-74.9998752763731,5.000073427855273
1011,-74.99998264831842,5.0004676495485505
1012,-74.99960988368528,5.000477013839066
1013,-74.99959082091885,5.000336842411704
1014,-74.99998857530969,5.000293676652169
1015,-74.99990512613904,5.000573539259557
1016,-74.99963014237252,5.000423457319438
1017,-74.99958157509079,5.000041581015782
1018,-74.99960045383239,5.000484373631238
1019,-74.99983587769994,5.0007538439072325
1020,-74.99980843300277,5.0002759226289735
1021,-74.99962911717968,5.000705679234205
1022,-74.99993474847889,5.000894971465816
1023,-74.99960935230132,5.000233004066123
1024,-74.99991732355132,5.000807037364974
1025,-74.99984873928692,5.000040239962945
1026,-74.99964997893055,5.000798293223718
1027,-74.99987494789197,5.00088132880521
1028,-74.9996600645996,5.000627352282586
1029,-74.99975611269312,5.000127977786557
1030,-74.99996971404227,5.000397762271109
1031,-74.99977211224032,5.000327484799882
1032,-74.99955906614154,5.000140482836237
1033,-74.99982875050765,5.000205968064839
1034,-74.9995785575549,5.000448738102192
1035,-74.99978311237217,5.000829143280026
1036,-74.99970114309369,5.000651403326978
1037,-74.99980180830612,5.000743481425652
1038,-74.99974486312841,5.000569399167389
1039,-74.99982341488781,5.000298172460918
1040,-74.9995871738389,5.0002174549926295
1041,-74.99994530064424,5.000054944185149
1042,-74.99979135947918,5.000049868974717
1043,-74.99993174172863,5.000209224631288
1044,-74.99978969361514,5.000581827732557
1045,-74.99995021565962,5.000772129220278
1046,-74.99956527496583,5.000631494401865
1047,-74.99966331620195,5.000559934874425
1048,-74.99956953241076,5.000014507293827
1049,-74.99999368115931,5.000364946209034
1050,-74.99988462739623,5.000550581565319
1051,-74.99976190650486,5.000487218992035
1052,-74.99976523982475,5.000032985879045
1053,-74.99974487340462,5.0002794885097
1054,-74.99957532749819,5.000361153969509
1055,-74.99966833425485,5.0008283217685126
1056,-74.99987803994766,5.000367021333716
1057,-74.99982769383124,5.000711607027771
1058,-74.99968019218569,5.000108457915631
1059,-74.99966804937496,5.000723479547052
1060,-74.99956967669898,5.000542513320946
1061,-74.99984323236681,5.00030114827567
1062,-74.9998769840038,5.000096493602699
1063,-74.99970403508705,5.000351220060522
1064,-74.99964331148983,5.000694193780944
1065,-74.99989379613295,5.000293243901747
1066,-74.99995955224804,5.000476073404556
1067,-74.99984273047511,5.000260417727602
1068,-74.99994543020019,5.000620228107087
1069,-74.9997390011783,5.000156502202009
1070,-74.99983426635961,5.0005086380827874
1071,-74.99990120134942,5.000017505925984
1072,-74.99999858864115,5.000170753417369
1073,-74.99993451344194,5.000437166500404
1074,-74.99979745111823,5.000322454586961
1075,-74.99990454254585,5.000866270391479
1076,-74.99961642756581,5.000588927786748
1077,-74.99966552598643,5.000421281503961
1078,-74.99991843835014,5.0000191190972
1079,-74.99996905713306,5.000136838897987
1080,-74.99959895755104,5.000233356358428
1081,-74.99985131062125,5.000726694471758
1082,-74.9998202798863,5.000853500771702
1083,-74.99999261023333,5.000339839659073
1084,-74.99965749364962,5.000829283715524
1085,-74.99989535184481,5.000085979321408
1086,-74.99965076643419,5.000330762002533
1087,-74.99965861312583,5.000733679352161
1088,-74.99970531830685,5.000115612677384
1089,-74.99974125804512,5.0002286251303705
1090,-74.99993658949391,5.000233509372423
1091,-74.99980720824944,5.000817887797902
1092,-74.99998806986825,5.000765345924608
1093,-74.99967991972262,5.000882916889542
1094,-74.99978141062776,5.000196821862385
1095,-74.99969542925928,5.000552346055523
1096,-74.99957218549278,5.000428336768196
1097,-74.99966336193671,5.000528356729292
1098,-74.99997492803266,5.000800301780146
1099,-74.99993955296844,5.000070507849609
1100,-74.99967112454398,5.000399078824738
1101,-74.99962244547011,5.000450422971456
1102,-74.999849350715,5.000452363439589
1103,-74.99955588573101,5.0005421632653055
1104,-74.99985153242423,5.000826496387098
1105,-74.99961499016112,5.0004702347934
1106,-74.99992337117828,5.00082700052512
1107,-74.99976544119782,5.000840622094719
1108,-74.99990122697038,5.000462753064521
1109,-74.99986778861228,5.000367322089216
1110,-74.99970131564038,5.000536697145416
1111,-74.9999536716105,5.000611193975499
1112,-74.99998822634221,5.0007950814956486
1113,-74.99981031096314,5.000615425675219
1114,-74.99988333246901,5.000534268426545
1115,-74.99991843468952,5.000447939533138
1116,-74.9998065188142,5.0006195882136595
1117,-74.99960881590474,5.000342176174654
1118,-74.99989368063616,5.000646847958132
1119,-74.99991995888638,5.000168971320285
1120,-74.99976494201918,5.000765522733255
1121,-74.99978430874425,5.0000713047860375
1122,-74.99961437506467,5.000708885363526
1123,-74.99954963539824,5.000462062448591
1124,-74.99975487354658,5.000678451969311
1125,-74.99995075543949,5.000273949795094
1126,-74.99990739061255,5.00076287581469
1127,-74.99998297696283,5.000638680455507
1128,-74.99970940311513,5.000843780682266
1129,-74.99955290801061,5.00034454736455
1130,-74.99980509397766,5.000647277162375
1131,-74.99990514907938,5.000783648917611
1132,-74.99954817246856,5.000618808890302
1133,-74.99961960443504,5.000363979841434
1134,-74.99966429560551,5.000443653767382
1135,-74.99967266326806,5.000821536959157
1136,-74.99990557144369,5.000080237435663
1137,-74.99958729542875,5.000377435422971
1138,-74.99970678711834,5.000592869239843
1139,-74.99962910275951,5.000831773520437
1140,-74.9996826833078,5.00024319029429
1141,-74.99983214261513,5.000544272041609
1142,-74.99975719666953,5.000569158688615
1143,-74.99964079488679,5.000525258107182
1144,-74.99988214572991,5.000507935566093
1145,-74.99987432849498,5.000342437434043
1146,-74.99984729994922,5.000867969212583
1147,-74.9996619357587,5.000703924890026
1148,-74.99986606032915,5.00068126818124
1149,-74.99995689818188,5.000678010133464
1150,-74.99960442799194,5.0002544177660315
1151,-74.99959433312857,5.000327178539093
1152,-74.99997394193299,5.000473466500498
1153,-74.9999059043955,5.0002226050631835
1154,-74.99988542768592,5.000885065303768
1155,-74.99989778486216,5.000284318269764
1156,-74.99989059274706,5.0007913870660365
1157,-74.99996356198501,5.0006822509054265
1158,-74.99995045026262,5.000107096137277
1159,-74.99971873735078,5.000094240934714
1160,-74.99973773410814,5.000025407764815
1161,-74.99972899150968,5.0006023545788905
1162,-74.99978750876929,5.000853848216191
1163,-74.99999393773805,5.000109684611733
1164,-74.99977163201615,5.000563727202976
1165,-74.9995609237955,5.0001996913929165
1166,-74.99998155026552,5.000636607921053
1167,-74.99960748934515,5.000612979008015
1168,-74.99965541348769,5.000561053007824
1169,-74.99961375530474,5.000774981412929
1170,-74.99991112825828,5.000875452624562
1171,-74.99984154780685,5.00052126643546
1172,-74.99962048500292,5.000461717312968
1173,-74.99972569124508,5.000483768379384
1174,-74.99982381045635,5.000025299065746
1175,-74.99999833481773,5.000237961821759
1176,-74.99971002714912,5.0003138370407765
1177,-74.9996001747833,5.000742708827045
1178,-74.99974971180298,5.000549866853077
1179,-74.99980360159333,5.000849316847105
1180,-74.99961777135486,5.000165779138021
1181,-74.99984157192671,5.0001921037782004
1182,-74.99997489536104,5.000346985027894
1183,-74.99959305241154,5.000887995153186
1184,-74.99988641829518,5.000494740009658
1185,-74.9997724788765,5.000375282154286
1186,-74.9995932189337,5.000213773949156
1187,-74.9999534478929,5.000237622596226
1188,-74.99983361492902,5.000436057393017
1189,-74.99979122208009,5.000156038537061
1190,-74.9998520084786,5.000237008707115
1191,-74.99976461462268,5.000025621430331
1192,-74.99970248556788,5.000708781521063
1193,-74.99986054636025,5.0002961030999895
1194,-74.99960851104558,5.0001974179383515
1195,-74.99988766132039,5.0006871486303535
1196,-74.99979698216659,5.000088378409881
1197,-74.99997909061145,5.000620266393403
1198,-74.99968020439552,5.00035186065485
1199,-74.99990546646553,5.0001389194442645
1200,-74.99985423718402,5.00063070646385
1201,-74.99987396280484,5.0001494992669295
1202,-74.99968260512867,5.000891855690337
1203,-74.9998439720301,5.0003682247232275
1204,-74.99973784143434,5.000753681261771
1205,-74.99979697238365,5.000070468731468
1206,-74.99983268358804,5.000033920167845
1207,-74.99959028871012,5.000281465328236
1208,-74.99959854490537,5.0008909513165065
1209,-74.99992427402393,5.000134093365547
1210,-74.99981490414491,5.000876123981193
1211,-74.99961319607037,5.0004288136499895
1212,-74.9996467546027,5.000322907306955
1213,-74.99979086334426,5.000811528913496
1214,-74.99978285079479,5.000565098723992
1215,-74.99973108441893,5.000140110503922
1216,-74.99966830945263,5.000029406674044
1217,-74.99995732298359,5.000597136196879
1218,-74.99964868507763,5.000776225887769
1219,-74.99991038065562,5.0004084510188855
1220,-74.99986942597538,5.000045613459751
1221,-74.99989346236518,5.000753704274639
1222,-74.99966635628861,5.000331653113843
1223,-74.99978124072373,5.000560280917154
1224,-74.99976567938032,5.000483956327395
1225,-74.99996406771892,5.000625398535598
1226,-74.99958207655315,5.00003253552677
1227,-74.99979867077397,5.000862669236011
1228,-74.99976776732636,5.000129865818637
1229,-74.99975977179183,5.000308676881585
1230,-74.99984529397189,5.000240252187074
1231,-74.9997390293393,5.000236823115523
1232,-74.99990582238237,5.000517998053602
1233,-74.99984787502316,5.000722673138928
1234,-74.99959360442548,5.000527275084872
1235,-74.99965687069988,5.000216838833006
1236,-74.99990324334482,5.000851492751478
1237,-74.99958588365958,5.000316158125256
1238,-74.9995827424679,5.000212856403304
1239,-74.99981329549543,5.0005724616957385
1240,-74.99965810433909,5.000033039137072
1241,-74.99990683544247,5.0002766799485405
1242,-74.99982274586338,5.000204163176272
1243,-74.9995639154607,5.000747708107552
1244,-74.99971709170221,5.000447952663463
1245,-74.99964678458345,5.000236057125346
1246,-74.99956733707954,5.000468776076881
1247,-74.99997959578087,5.000231838905169
1248,-74.9998834384507,5.000614910593069
1249,-74.99971901270429,5.000611885818858
1250,-74.99994948698684,5.000834385662061
1251,-74.99976799197462,5.000742541118738
1252,-74.9996330195849,5.000359958552957
1253,-74.99976769139253,5.000813403499603
1254,-74.99959201330094,5.000478473045413
1255,-74.9998515014054,5.000339065481366
1256,-74.99958960475466,5.00052538875745
1257,-74.99970934903588,5.000039935173858
1258,-74.99957240840396,5.000163426382069
1259,-74.99995841217692,5.000297505424028
1260,-74.99954887885337,5.000500669969731
1261,-74.9997601323881,5.000182727409136
1262,-74.99976290645242,5.000898479262552
1263,-74.99955146119923,5.000357057982288
1264,-74.99992673362351,5.000523232478139
1265,-74.99981434348648,5.000864516472731
1266,-74.99976201414908,5.0001968713861284
1267,-74.99983419775195,5.000355021864223
1268,-74.99966419884903,5.000556610723577
1269,-74.99982623226894,5.0007419385818155
1270,-74.99996049075902,5.000031053045782
1271,-74.99959421885963,5.0001424270538
1272,-74.99987376086595,5.00045618406353
1273,-74.99996747931552,5.000257947489186
1274,-74.99973165403617,5.000379755993166
1275,-74.99990217738758,5.000693817692425
1276,-74.99960849003081,5.000434415495121
1277,-74.99992901690652,5.000835443322797
1278,-74.99996586690592,5.000695658269015
1279,-74.9998070753955,5.0004029136182195
1280,-74.99963341673781,5.0000686480980265
1281,-74.99960912764897,5.0007885873673255
1282,-74.99983842338327,5.0008897864993385
1283,-74.99983709009162,5.00001827703116
1284,-74.99971292933338,5.000052321078736
1285,-74.99963746710262,5.000777414692958
1286,-74.99976473399008,5.000238116800429
1287,-74.99957158510013,5.000799679451381
1288,-74.99976381400178,5.000743380950216
1289,-74.99959616001401,5.0006793686034126
1290,-74.99991981437147,5.000016847081366
1291,-74.99965893461516,5.00065906632753
1292,-74.99998686177095,5.00020873670018
1293,-74.99997608652069,5.000121501211318
1294,-74.99966512255595,5.0003660158159295
1295,-74.99993963657457,5.000135447792204
1296,-74.99964547169019,5.00024958780907
1297,-74.99963570805649,5.0002924831773985
1298,-74.9999929797155,5.000767424052175
1299,-74.99997078673933,5.000669184751462
1300,-74.99990154157906,5.000850222478085
1301,-74.9999183723125,5.000703552915158
1302,-74.99958019983707,5.000357378892192
1303,-74.99990043134211,5.000717156772072
1304,-74.99998967563265,5.000014474346725
1305,-74.99991242106823,5.000273715450264
1306,-74.99983856122542,5.000376596546826
1307,-74.99981622637397,5.000289131359783
1308,-74.999653700518,5.000640621878526
1309,-74.99989225471306,5.000638025445827
1310,-74.99969457683837,5.000274881028134
1311,-74.99966223654003,5.000483877318656
1312,-74.99971661333744,5.000501515809401
1313,-74.99974176291974,5.000754898642563
1314,-74.99983776804295,5.000559351032119
1315,-74.9996110550899,5.000603656908742
1316,-74.99961395821933,5.000543454927069
1317,-74.9999251856622,5.00012645691321
1318,-74.99976999742782,5.000452989779977
1319,-74.99956247879655,5.0004565146835045
1320,-74.99994687200324,5.000694296552466
1321,-74.99977368957275,5.0005977126948755
1322,-74.99993696699025,5.00034709040727
1323,-74.99982902705513,5.000678996559416
1324,-74.99954878925567,5.000264327739111
1325,-74.9998247607202,5.000166806021619
1326,-74.9998047187115,5.000194010756773
1327,-74.9997524448483,5.000811625426031
1328,-74.99977685121068,5.000247158142959
1329,-74.99973968395774,5.000669745451103
1330,-74.99990133306152,5.000739942176481
1331,-74.99974545277068,5.000273238584957
1332,-74.99999148055228,5.000043967479823
1333,-74.99969378957802,5.000311412288562
1334,-74.99968995047972,5.0002769661603
1335,-74.99987507543695,5.000432546862477
1336,-74.99998381195557,5.000258329853717
1337,-74.99987564242473,5.000890985037356
1338,-74.99956228456601,5.000596842415737
1339,-74.99987712172285,5.000757968910587
1340,-74.99983322388667,5.000719232921176
1341,-74.99973521460645,5.000794972682605
1342,-74.99962360584296,5.000095414998177
1343,-74.9995920469639,5.0001838280810995
1344,-74.99971267205622,5.000363185719313
1345,-74.9999906780526,5.000662488078571
1346,-74.99982696696598,5.000727114780212
1347,-74.99984090911435,5.000494620398681
1348,-74.99991520354162,5.00075914633439
1349,-74.99985079379081,5.000442339171331
1350,-74.99962476975641,5.00019093174446
1351,-74.99966520481432,5.000750200889479
1352,-74.99997277838646,5.0008503265423
1353,-74.9999636190548,5.000558910907165
1354,-74.99966897645206,5.000406663650505
1355,-74.99998653561461,5.000179379470235
1356,-74.99987863271035,5.0008802635760805
1357,-74.99989060231475,5.000857698784997
1358,-74.99966768170273,5.000353532753025
1359,-74.99987609723168,5.00007440371854
1360,-74.99999851797011,5.000483802202393
1361,-74.99954992517738,5.000206776155972
1362,-74.9995822722298,5.000634501595412
1363,-74.9997212717603,5.000218186480487
1364,-74.99957360534242,5.0001517303551575
1365,-74.99992956303782,5.0003839770255425
1366,-74.99998873174181,5.000561663593355
1367,-74.99989004055253,5.000900378643591
1368,-74.99980673466213,5.000027836850295
1369,-74.99982139684339,5.000108126045165
1370,-74.99991532656371,5.000534470858235
1371,-74.99969414429596,5.0005053241392154
1372,-74.99970986715766,5.000028973792324
1373,-74.99989328964837,5.0005702685138305
1374,-74.99979497419683,5.000650308639932
1375,-74.99980011728668,5.000102254672751
1376,-74.99968583839933,5.000609859439955
1377,-74.99980460367826,5.000735057645101
1378,-74.99977642756522,5.00058590737227
1379,-74.99978298725074,5.000052183504092
1380,-74.99999936685202,5.0001291295100065
1381,-74.99990895666107,5.000019531595677
1382,-74.99960334089049,5.000498355277426
1383,-74.99975501390274,5.000753645636739
1384,-74.99970380100103,5.0001650554077095
1385,-74.99958141113598,5.0005502324320785
1386,-74.99956364044613,5.000306792275982
1387,-74.99974195646908,5.0008563013393434
1388,-74.9998250074326,5.000252640887488
1389,-74.999660465967,5.0001436811629
1390,-74.99957831269003,5.0003435502790055
1391,-74.99988563660035,5.000133582352626
1392,-74.99971942600365,5.000143773397798
1393,-74.99961626829575,5.000038254805077
1394,-74.99978686207443,5.000569262501629
1395,-74.99955566335359,5.000375329920678
1396,-74.99959085062893,5.000203642667713
1397,-74.99998168253973,5.000746579010744
1398,-74.99972526896944,5.0007668289112654
1399,-74.99957345660188,5.000711378803546
1400,-74.99960032254741,5.00014284287132
1401,-74.99984561438956,5.000684975735807
1402,-74.99984782658895,5.000682450287055
1403,-74.99975665076619,5.00016388528581
1404,-74.9997838087318,5.000136041726641
1405,-74.99964094154325,5.000145676979207
1406,-74.99967416758236,5.000221906808579
1407,-74.99979744223212,5.0002491865095395
1408,-74.99991509074421,5.00034474086941
1409,-74.99969851742024,5.000405199549342
1410,-74.99956504904999,5.000345012707501
1411,-74.99997782503881,5.000566031755346
1412,-74.99959804580463,5.000465895637446
1413,-74.99972332322008,5.000275326984568
1414,-74.99963149512604,5.000767747861435
1415,-74.99979460708514,5.000853573641339
1416,-74.99968864403239,5.000516938330176
1417,-74.99964908130018,5.000559927484399
1418,-74.99990731693123,5.000110102907823
1419,-74.999828138421,5.000211363986802
1420,-74.99970789969701,5.000577694075496
1421,-74.99993758966647,5.000804061926951
1422,-74.9996436952641,5.000354620860196
1423,-74.99969099578152,5.000841936647937
1424,-74.99973239896099,5.0008093781804694
1425,-74.99973202989322,5.00048244072173
1426,-74.99985582823092,5.0002734781591816
1427,-74.99963695513185,5.000085286646897
1428,-74.99991922387247,5.000013113360105
1429,-74.9999350366893,5.000810801575115
1430,-74.99990914397624,5.000323642393718
1431,-74.99960734408332,5.0000445159708
1432,-74.99982212848774,5.00064206662711
1433,-74.99981306950173,5.000716967037844
1434,-74.9996129004807,5.000271818441154
1435,-74.99966819168937,5.000620934239795
1436,-74.99955955967,5.000213185188961
1437,-74.99971502125011,5.0004175724189395
1438,-74.99961809798407,5.000378594416263
1439,-74.99962454805494,5.000398952330118
1440,-74.99998774336612,5.000012418448015
1441,-74.99993601846647,5.000531416749752
1442,-74.99978992704301,5.000597834378377
1443,-74.99969989297739,5.000734042841977
1444,-74.99958994319098,5.000847822531624
1445,-74.99986803970366,5.000628338520387
1446,-74.99979718161396,5.000298976426559
1447,-74.99961825414087,5.000848116423765
1448,-74.99963320154701,5.000402449549249
1449,-74.999674912906,5.000004877685692
1450,-74.9996694718156,5.000166524337474
1451,-74.99994143903223,5.0007432105638925
1452,-74.99992888721535,5.000438290475671
1453,-74.9997636384299,5.000055516481756
1454,-74.99970426289711,5.000516561950282
1455,-74.99965554043212,5.000216743853669
1456,-74.9997682284881,5.0008458266420295
1457,-74.99990927933324,5.0001315121937715
1458,-74.99961861789582,5.000553096747383
1459,-74.99956802321792,5.000880808222468
1460,-74.99992293301516,5.000074255001974
1461,-74.9997796994465,5.000355126729912
1462,-74.99993828648135,5.000781110469528
1463,-74.99966034428483,5.000292547852446
1464,-74.99966373911637,5.000319602354356
1465,-74.99991590247625,5.000790514698491
1466,-74.99960621878542,5.0005359053596745
1467,-74.99961871270042,5.000219081407262
1468,-74.99956924631232,5.000871034711481
1469,-74.99978357919882,5.000364382468855
1470,-74.99993142514738,5.000471005339008
1471,-74.99965888020135,5.0003181445479274
1472,-74.99966723299254,5.0006975510790355
1473,-74.99983567047086,5.000507822879038
1474,-74.9997226878959,5.000620973449924
1475,-74.99993009162006,5.000033666864784
1476,-74.99997886462896,5.0004125862777915
1477,-74.99976407807605,5.0008352146114134
1478,-74.9999397543795,5.000187048622706
1479,-74.99979898386184,5.0008034796057546
1480,-74.99969753347789,5.000047296328546
1481,-74.99985035167376,5.000654572159848
1482,-74.99974676130128,5.000312054424469
1483,-74.99964997308588,5.000136792134259
1484,-74.99995013762683,5.00055107995147
1485,-74.99981563546811,5.000390288510868
1486,-74.999634724645,5.000372858176808
1487,-74.99966963082271,5.000887153942879
1488,-74.99995778261422,5.000043914813926
1489,-74.99999934492634,5.000474917581394
1490,-74.99996508475965,5.0004364062277205
1491,-74.9999364627715,5.000442708921806
1492,-74.99960146022204,5.000120673531563
1493,-74.99980533444939,5.000259956312804
1494,-74.99955290756117,5.000601886907955
1495,-74.99988741822705,5.000430474506014
1496,-74.99968107538395,5.000861148393403
1497,-74.999788173014,5.0002146192435735
1498,-74.9996589155637,5.000632858055721
1499,-74.9997199944792,5.000373445580223
1500,-74.99986890110031,5.00022887051665
1501,-74.99993818445681,5.000294178345542
1502,-74.99990719694763,5.000251462720955
1503,-74.99957026059582,5.000374576465745
1504,-74.99999920394299,5.000508621277364
1505,-74.99981629856445,5.000725148864232
1506,-74.99987915732967,5.00074430032455
1507,-74.99974687522243,5.000458942347388
1508,-74.99970018098631,5.000004089508797
1509,-74.99985947039814,5.000564387736836
1510,-74.99974927738779,5.000727739029568
1511,-74.99983954050803,5.000851863867279
1512,-74.9996367379564,5.00003123566909
1513,-74.9997884942772,5.000383737725811
1514,-74.99985096619969,5.0004009894719434
1515,-74.9997525107034,5.000008444335496
1516,-74.99980822013062,5.000475447469745
1517,-74.9997035111873,5.000748319598377
1518,-74.99960482258248,5.000845197506334
1519,-74.99974637709501,5.000510831374704
1520,-74.9997250291521,5.0004014356892235
1521,-74.99981939860132,5.000255595558193
1522,-74.99960890399169,5.000174351755292
1523,-74.99991401316018,5.000864106873217
1524,-74.99999805627068,5.000593722008949
1525,-74.99959815259224,5.000271867587568
1526,-74.99986489783002,5.000211308812716
1527,-74.99998369470453,5.000622468077447
1528,-74.99982578452347,5.000644627506579
1529,-74.99978760909119,5.000481733459743
1530,-74.99974024954668,5.000000152189563
1531,-74.99982661578804,5.000601062531822
1532,-74.99996320606019,5.000057459561353
1533,-74.9999565614772,5.000323458349544
1534,-74.99991837552905,5.000538314763282
1535,-74.99956441051137,5.000397905175437
1536,-74.99961598742475,5.000408813395151
1537,-74.99999401875148,5.000302041874439
1538,-74.99977447168014,5.0004184300877945
1539,-74.99960288765897,5.000308862091917
1540,-74.99962911044928,5.000294838256713
1541,-74.99970338402211,5.000727052015357
1542,-74.99988436909044,5.000328931076564
1543,-74.99964824331607,5.000283376145298
1544,-74.99996831678162,5.000012244853242
1545,-74.9999143372745,5.0005945778634056
1546,-74.99969851197393,5.000070345422317
1547,-74.99988479994593,5.0006201357402675
1548,-74.99979250871168,5.000806829487835
1549,-74.99955364893495,5.000819142830535
1550,-74.99958200493793,5.000312621769411
1551,-74.99979958996391,5.000674885054113
1552,-74.99994266041728,5.000351889498172
1553,-74.99997884779155,5.000491528521195
1554,-74.9999641809113,5.0005548457776134
1555,-74.9995683425782,5.000252000884504
1556,-74.99990693398475,5.00086989394616
1557,-74.99988186434757,5.00019636663838
1558,-74.99994275229183,5.000818034673609
1559,-74.99995165738288,5.000655046927793
1560,-74.9996901860301,5.000895086741807
1561,-74.99993139273852,5.000150291536367
1562,-74.99996010858578,5.000752173414817
1563,-74.99957656972732,5.000039451310737
1564,-74.9999324963006,5.000203002923771
1565,-74.99999978542552,5.000397826376743
1566,-74.99961400504704,5.000491011800443
1567,-74.99977969784668,5.00049221021313
1568,-74.99988573706868,5.0001807956002855
1569,-74.99958957608595,5.000409832283889
1570,-74.99963621899319,5.000696277558329
1571,-74.99991848940473,5.000855898787938
1572,-74.99999390428464,5.000372435612449
1573,-74.9995845157814,5.000258513108494
1574,-74.99974662280516,5.000877655269142
1575,-74.99996412153354,5.000338986437599
1576,-74.99975205538203,5.000477905571039
1577,-74.99976528847742,5.000310241450235
1578,-74.99959884483087,5.000884462166542
1579,-74.9996666907993,5.000131882260203
1580,-74.99974630059526,5.000256586243145
1581,-74.99994679822827,5.000354547275267
1582,-74.99993678090573,5.000586314469074
1583,-74.99973499133077,5.0004577940888595
1584,-74.99978883298512,5.0004378986259574
1585,-74.99970250938394,5.0006645735277155
1586,-74.99989219486226,5.000465771832178
1587,-74.99960059740651,5.000891829701881
1588,-74.99970081007875,5.000670454136176
1589,-74.99973681678573,5.00017381500587
1590,-74.99994078039254,5.000118698908836
1591,-74.99988367718885,5.000734876711947
1592,-74.99977450160166,5.000068717107655
1593,-74.99965024648752,5.000758430765281
